{"type":2,"id":11,"currentValue":24.4001407623291,"bias":-0.857123851776123}
