{"type":0,"id":4,"currentValue":8.113737106323243,"bias":-0.857123851776123}
