{"type":2,"id":10,"currentValue":0.0518224835395813,"bias":-0.857123851776123}
