{"type":0,"id":6,"currentValue":7.3619065284729,"bias":-0.857123851776123}
