{"type":0,"id":2,"currentValue":1.9947994947433472,"bias":-0.857123851776123}
