{"type":0,"id":3,"currentValue":70.05413055419922,"bias":-0.857123851776123}
