{"type":0,"id":5,"currentValue":16.825319290161134,"bias":-0.857123851776123}
