{"type":0,"id":7,"currentValue":30.2388973236084,"bias":-0.857123851776123}
