{"type":2,"id":10,"currentValue":-13.279229164123536,"bias":1.1814422607421876}
