{"type":0,"id":5,"currentValue":12.283427238464356,"bias":1.1814422607421876}
