{"type":0,"id":2,"currentValue":48.621368408203128,"bias":1.1814422607421876}
