{"type":0,"id":0,"currentValue":1.01335608959198,"bias":1.1814422607421876}
