{"type":2,"id":11,"currentValue":364.02093505859377,"bias":1.1814422607421876}
