{"type":0,"id":1,"currentValue":22.693363189697267,"bias":1.1814422607421876}
