{"type":0,"id":3,"currentValue":2.744785785675049,"bias":1.1814422607421876}
