{"type":0,"id":4,"currentValue":30.474288940429689,"bias":1.1814422607421876}
