{"type":0,"id":6,"currentValue":13.062175750732422,"bias":1.1814422607421876}
