{"type":0,"id":7,"currentValue":1.01335608959198,"bias":1.1814422607421876}
