{"type":0,"id":2,"currentValue":28.377195358276368,"bias":0.9679871797561646}
