{"type":2,"id":11,"currentValue":25.4849910736084,"bias":0.9679871797561646}
