{"type":0,"id":6,"currentValue":1.7713552713394166,"bias":0.9679871797561646}
