{"type":0,"id":9,"currentValue":47.29999923706055,"bias":0.9679871797561646}
