{"type":2,"id":10,"currentValue":-0.15542709827423097,"bias":0.9679871797561646}
