{"type":0,"id":3,"currentValue":16.72532081604004,"bias":0.9679871797561646}
