{"type":0,"id":4,"currentValue":7.3923163414001469,"bias":0.9679871797561646}
