{"type":0,"id":5,"currentValue":19.39453887939453,"bias":0.9679871797561646}
