{"type":0,"id":1,"currentValue":35.22108840942383,"bias":0.9679871797561646}
