{"type":0,"id":0,"currentValue":8.2728910446167}
{"type":0,"id":1,"currentValue":17.457046508789064}
{"type":0,"id":2,"currentValue":15.261710166931153}
{"type":0,"id":3,"currentValue":11.661766052246094}
{"type":0,"id":4,"currentValue":11.661766052246094}
{"type":0,"id":5,"currentValue":0.8271979093551636}
{"type":0,"id":6,"currentValue":0.8271979093551636}
{"type":0,"id":7,"currentValue":0.8271979093551636}
{"type":0,"id":8,"currentValue":0.0}
{"type":0,"id":9,"currentValue":11.170000076293946}
{"type":2,"id":10,"currentValue":-32.022701263427737}
{"type":2,"id":11,"currentValue":33.57986068725586}
{"in_node":0,"out_node":10,"innov":0,"weight":-0.5569531917572022,"enabled":true}
{"in_node":0,"out_node":11,"innov":1,"weight":1.6098737716674805,"enabled":true}
{"in_node":1,"out_node":10,"innov":2,"weight":0.48774266242980959,"enabled":true}
{"in_node":1,"out_node":11,"innov":3,"weight":1.1437969207763672,"enabled":true}
{"in_node":2,"out_node":10,"innov":4,"weight":-1.1127867698669434,"enabled":true}
{"in_node":2,"out_node":11,"innov":5,"weight":0.5011829733848572,"enabled":true}
{"in_node":3,"out_node":10,"innov":6,"weight":1.537163257598877,"enabled":true}
{"in_node":3,"out_node":11,"innov":7,"weight":-1.256117343902588,"enabled":true}
{"in_node":4,"out_node":10,"innov":8,"weight":-1.0972332954406739,"enabled":true}
{"in_node":4,"out_node":11,"innov":9,"weight":0.34364819526672366,"enabled":true}
{"in_node":5,"out_node":10,"innov":10,"weight":0.27306580543518069,"enabled":true}
{"in_node":5,"out_node":11,"innov":11,"weight":-0.1700608730316162,"enabled":true}
{"in_node":6,"out_node":10,"innov":12,"weight":0.8081821799278259,"enabled":true}
{"in_node":6,"out_node":11,"innov":13,"weight":1.6644258499145508,"enabled":true}
{"in_node":7,"out_node":10,"innov":14,"weight":-0.7695043087005615,"enabled":true}
{"in_node":7,"out_node":11,"innov":15,"weight":-1.5668902397155762,"enabled":true}
{"in_node":8,"out_node":10,"innov":16,"weight":-0.7131178379058838,"enabled":true}
{"in_node":8,"out_node":11,"innov":17,"weight":-0.7237536907196045,"enabled":true}
{"in_node":9,"out_node":10,"innov":18,"weight":-1.9574317932128907,"enabled":true}
{"in_node":9,"out_node":11,"innov":19,"weight":0.5207380652427673,"enabled":true}
