{"type":0,"id":9,"currentValue":47.29999923706055,"bias":2.6492106914520265}
