{"type":0,"id":4,"currentValue":27.422420501708986,"bias":2.6492106914520265}
