{"type":0,"id":3,"currentValue":29.266061782836915,"bias":2.6492106914520265}
