{"type":0,"id":2,"currentValue":52.19432067871094,"bias":2.6492106914520265}
