{"type":0,"id":6,"currentValue":56.134952545166019,"bias":2.6492106914520265}
