{"type":2,"id":10,"currentValue":-47.9283332824707,"bias":2.6492106914520265}
