{"type":2,"id":11,"currentValue":53.63261032104492,"bias":2.6492106914520265}
