{"type":0,"id":1,"currentValue":17.594690322875978,"bias":2.6492106914520265}
