{"type":0,"id":2,"currentValue":52.25380325317383,"bias":1.152503490447998}
