{"type":2,"id":11,"currentValue":18.250831604003908,"bias":1.152503490447998}
