{"type":0,"id":6,"currentValue":56.07235336303711,"bias":1.152503490447998}
