{"type":0,"id":3,"currentValue":29.264362335205079,"bias":1.152503490447998}
