{"type":0,"id":1,"currentValue":17.660593032836915,"bias":1.152503490447998}
