{"type":0,"id":9,"currentValue":47.29999923706055,"bias":1.152503490447998}
