{"type":2,"id":10,"currentValue":-79.5931625366211,"bias":1.152503490447998}
