{"type":0,"id":4,"currentValue":27.371349334716798,"bias":1.152503490447998}
