{"type":0,"id":3,"currentValue":12.607640266418457,"bias":-0.1481350064277649}
