{"type":0,"id":5,"currentValue":11.642984390258789,"bias":-0.1481350064277649}
