{"type":2,"id":10,"currentValue":33.6088981628418,"bias":-0.1481350064277649}
