{"type":0,"id":0,"currentValue":2.715843677520752,"bias":-0.1481350064277649}
