{"type":2,"id":11,"currentValue":108.20257568359375,"bias":-0.1481350064277649}
