{"type":0,"id":4,"currentValue":44.20935821533203,"bias":-0.1481350064277649}
