{"type":0,"id":6,"currentValue":17.067646026611329,"bias":-0.1481350064277649}
