{"type":0,"id":7,"currentValue":2.73600172996521,"bias":-0.1481350064277649}
