{"type":0,"id":2,"currentValue":15.533917427062989,"bias":-0.1481350064277649}
