{"type":0,"id":2,"currentValue":32.940467834472659,"bias":0.5836119055747986}
