{"type":0,"id":5,"currentValue":39.509666442871097,"bias":0.5836119055747986}
