{"type":0,"id":0,"currentValue":6.4474568367004398,"bias":0.5836119055747986}
