{"type":2,"id":11,"currentValue":128.0728302001953,"bias":0.5836119055747986}
