{"type":2,"id":10,"currentValue":-67.345703125,"bias":0.5836119055747986}
