{"type":0,"id":1,"currentValue":46.778358459472659,"bias":0.5836119055747986}
