{"type":0,"id":6,"currentValue":29.659961700439454,"bias":0.5836119055747986}
