{"type":0,"id":7,"currentValue":2.9160854816436769,"bias":0.5836119055747986}
