{"type":0,"id":3,"currentValue":19.303112030029298,"bias":0.5836119055747986}
