{"type":0,"id":4,"currentValue":12.38574504852295,"bias":0.5836119055747986}
