{"type":0,"id":7,"currentValue":12.0643310546875,"bias":-0.9109225869178772}
