{"type":0,"id":2,"currentValue":27.654348373413087,"bias":-0.9109225869178772}
