{"type":0,"id":5,"currentValue":43.14785385131836,"bias":-0.9109225869178772}
