{"type":2,"id":10,"currentValue":67.05987548828125,"bias":-0.9109225869178772}
