{"type":0,"id":3,"currentValue":16.939085006713868,"bias":-0.9109225869178772}
