{"type":0,"id":6,"currentValue":84.32100677490235,"bias":-0.9109225869178772}
