{"type":2,"id":11,"currentValue":67.57484436035156,"bias":-0.9109225869178772}
